CEE_NOP,                        "nop",              Pop0,               Push0,       InlineNone,         IPrimitive,  1,  0xFF,    0x00,    NEXT
CEE_BREAK,                      "break",            Pop0,               Push0,       InlineNone,         IPrimitive,  1,  0xFF,    0x01,    BREAK
CEE_LDARG_0,                    "ldarg.0",          Pop0,               Push1,       InlineNone,         IMacro,      1,  0xFF,    0x02,    NEXT
CEE_LDARG_1,                    "ldarg.1",          Pop0,               Push1,       InlineNone,         IMacro,      1,  0xFF,    0x03,    NEXT
CEE_LDARG_2,                    "ldarg.2",          Pop0,               Push1,       InlineNone,         IMacro,      1,  0xFF,    0x04,    NEXT
CEE_LDARG_3,                    "ldarg.3",          Pop0,               Push1,       InlineNone,         IMacro,      1,  0xFF,    0x05,    NEXT
CEE_LDLOC_0,                    "ldloc.0",          Pop0,               Push1,       InlineNone,         IMacro,      1,  0xFF,    0x06,    NEXT
CEE_LDLOC_1,                    "ldloc.1",          Pop0,               Push1,       InlineNone,         IMacro,      1,  0xFF,    0x07,    NEXT
CEE_LDLOC_2,                    "ldloc.2",          Pop0,               Push1,       InlineNone,         IMacro,      1,  0xFF,    0x08,    NEXT
CEE_LDLOC_3,                    "ldloc.3",          Pop0,               Push1,       InlineNone,         IMacro,      1,  0xFF,    0x09,    NEXT
CEE_STLOC_0,                    "stloc.0",          Pop1,               Push0,       InlineNone,         IMacro,      1,  0xFF,    0x0A,    NEXT
CEE_STLOC_1,                    "stloc.1",          Pop1,               Push0,       InlineNone,         IMacro,      1,  0xFF,    0x0B,    NEXT
CEE_STLOC_2,                    "stloc.2",          Pop1,               Push0,       InlineNone,         IMacro,      1,  0xFF,    0x0C,    NEXT
CEE_STLOC_3,                    "stloc.3",          Pop1,               Push0,       InlineNone,         IMacro,      1,  0xFF,    0x0D,    NEXT
CEE_LDARG_S,                    "ldarg.s",          Pop0,               Push1,       ShortInlineVar,     IMacro,      1,  0xFF,    0x0E,    NEXT
CEE_LDARGA_S,                   "ldarga.s",         Pop0,               PushI,       ShortInlineVar,     IMacro,      1,  0xFF,    0x0F,    NEXT
CEE_STARG_S,                    "starg.s",          Pop1,               Push0,       ShortInlineVar,     IMacro,      1,  0xFF,    0x10,    NEXT
CEE_LDLOC_S,                    "ldloc.s",          Pop0,               Push1,       ShortInlineVar,     IMacro,      1,  0xFF,    0x11,    NEXT
CEE_LDLOCA_S,                   "ldloca.s",         Pop0,               PushI,       ShortInlineVar,     IMacro,      1,  0xFF,    0x12,    NEXT
CEE_STLOC_S,                    "stloc.s",          Pop1,               Push0,       ShortInlineVar,     IMacro,      1,  0xFF,    0x13,    NEXT
CEE_LDNULL,                     "ldnull",           Pop0,               PushRef,     InlineNone,         IPrimitive,  1,  0xFF,    0x14,    NEXT
CEE_LDC_I4_M1,                  "ldc.i4.m1",        Pop0,               PushI,       InlineNone,         IMacro,      1,  0xFF,    0x15,    NEXT
CEE_LDC_I4_0,                   "ldc.i4.0",         Pop0,               PushI,       InlineNone,         IMacro,      1,  0xFF,    0x16,    NEXT
CEE_LDC_I4_1,                   "ldc.i4.1",         Pop0,               PushI,       InlineNone,         IMacro,      1,  0xFF,    0x17,    NEXT
CEE_LDC_I4_2,                   "ldc.i4.2",         Pop0,               PushI,       InlineNone,         IMacro,      1,  0xFF,    0x18,    NEXT
CEE_LDC_I4_3,                   "ldc.i4.3",         Pop0,               PushI,       InlineNone,         IMacro,      1,  0xFF,    0x19,    NEXT
CEE_LDC_I4_4,                   "ldc.i4.4",         Pop0,               PushI,       InlineNone,         IMacro,      1,  0xFF,    0x1A,    NEXT
CEE_LDC_I4_5,                   "ldc.i4.5",         Pop0,               PushI,       InlineNone,         IMacro,      1,  0xFF,    0x1B,    NEXT
CEE_LDC_I4_6,                   "ldc.i4.6",         Pop0,               PushI,       InlineNone,         IMacro,      1,  0xFF,    0x1C,    NEXT
CEE_LDC_I4_7,                   "ldc.i4.7",         Pop0,               PushI,       InlineNone,         IMacro,      1,  0xFF,    0x1D,    NEXT
CEE_LDC_I4_8,                   "ldc.i4.8",         Pop0,               PushI,       InlineNone,         IMacro,      1,  0xFF,    0x1E,    NEXT
CEE_LDC_I4_S,                   "ldc.i4.s",         Pop0,               PushI,       ShortInlineI,       IMacro,      1,  0xFF,    0x1F,    NEXT
CEE_LDC_I4,                     "ldc.i4",           Pop0,               PushI,       InlineI,            IPrimitive,  1,  0xFF,    0x20,    NEXT
CEE_LDC_I8,                     "ldc.i8",           Pop0,               PushI8,      InlineI8,           IPrimitive,  1,  0xFF,    0x21,    NEXT
CEE_LDC_R4,                     "ldc.r4",           Pop0,               PushR4,      ShortInlineR,       IPrimitive,  1,  0xFF,    0x22,    NEXT
CEE_LDC_R8,                     "ldc.r8",           Pop0,               PushR8,      InlineR,            IPrimitive,  1,  0xFF,    0x23,    NEXT
CEE_UNUSED49,                   "unused",           Pop0,               Push0,       InlineNone,         IPrimitive,  1,  0xFF,    0x24,    NEXT
CEE_DUP,                        "dup",              Pop1,               Push1+Push1, InlineNone,         IPrimitive,  1,  0xFF,    0x25,    NEXT
CEE_POP,                        "pop",              Pop1,               Push0,       InlineNone,         IPrimitive,  1,  0xFF,    0x26,    NEXT
CEE_JMP,                        "jmp",              Pop0,               Push0,       InlineMethod,       IPrimitive,  1,  0xFF,    0x27,    CALL
CEE_CALL,                       "call",             VarPop,             VarPush,     InlineMethod,       IPrimitive,  1,  0xFF,    0x28,    CALL
CEE_CALLI,                      "calli",            VarPop,             VarPush,     InlineSig,          IPrimitive,  1,  0xFF,    0x29,    CALL
CEE_RET,                        "ret",              VarPop,             Push0,       InlineNone,         IPrimitive,  1,  0xFF,    0x2A,    RETURN
CEE_BR_S,                       "br.s",             Pop0,               Push0,       ShortInlineBrTarget,IMacro,      1,  0xFF,    0x2B,    BRANCH
CEE_BRFALSE_S,                  "brfalse.s",        PopI,               Push0,       ShortInlineBrTarget,IMacro,      1,  0xFF,    0x2C,    COND_BRANCH
CEE_BRTRUE_S,                   "brtrue.s",         PopI,               Push0,       ShortInlineBrTarget,IMacro,      1,  0xFF,    0x2D,    COND_BRANCH
CEE_BEQ_S,                      "beq.s",            Pop1+Pop1,          Push0,       ShortInlineBrTarget,IMacro,      1,  0xFF,    0x2E,    COND_BRANCH
CEE_BGE_S,                      "bge.s",            Pop1+Pop1,          Push0,       ShortInlineBrTarget,IMacro,      1,  0xFF,    0x2F,    COND_BRANCH
CEE_BGT_S,                      "bgt.s",            Pop1+Pop1,          Push0,       ShortInlineBrTarget,IMacro,      1,  0xFF,    0x30,    COND_BRANCH
CEE_BLE_S,                      "ble.s",            Pop1+Pop1,          Push0,       ShortInlineBrTarget,IMacro,      1,  0xFF,    0x31,    COND_BRANCH
CEE_BLT_S,                      "blt.s",            Pop1+Pop1,          Push0,       ShortInlineBrTarget,IMacro,      1,  0xFF,    0x32,    COND_BRANCH
CEE_BNE_UN_S,                   "bne.un.s",         Pop1+Pop1,          Push0,       ShortInlineBrTarget,IMacro,      1,  0xFF,    0x33,    COND_BRANCH
CEE_BGE_UN_S,                   "bge.un.s",         Pop1+Pop1,          Push0,       ShortInlineBrTarget,IMacro,      1,  0xFF,    0x34,    COND_BRANCH
CEE_BGT_UN_S,                   "bgt.un.s",         Pop1+Pop1,          Push0,       ShortInlineBrTarget,IMacro,      1,  0xFF,    0x35,    COND_BRANCH
CEE_BLE_UN_S,                   "ble.un.s",         Pop1+Pop1,          Push0,       ShortInlineBrTarget,IMacro,      1,  0xFF,    0x36,    COND_BRANCH
CEE_BLT_UN_S,                   "blt.un.s",         Pop1+Pop1,          Push0,       ShortInlineBrTarget,IMacro,      1,  0xFF,    0x37,    COND_BRANCH
CEE_BR,                         "br",               Pop0,               Push0,       InlineBrTarget,     IPrimitive,  1,  0xFF,    0x38,    BRANCH
CEE_BRFALSE,                    "brfalse",          PopI,               Push0,       InlineBrTarget,     IPrimitive,  1,  0xFF,    0x39,    COND_BRANCH
CEE_BRTRUE,                     "brtrue",           PopI,               Push0,       InlineBrTarget,     IPrimitive,  1,  0xFF,    0x3A,    COND_BRANCH
CEE_BEQ,                        "beq",              Pop1+Pop1,          Push0,       InlineBrTarget,     IMacro,      1,  0xFF,    0x3B,    COND_BRANCH
CEE_BGE,                        "bge",              Pop1+Pop1,          Push0,       InlineBrTarget,     IMacro,      1,  0xFF,    0x3C,    COND_BRANCH
CEE_BGT,                        "bgt",              Pop1+Pop1,          Push0,       InlineBrTarget,     IMacro,      1,  0xFF,    0x3D,    COND_BRANCH
CEE_BLE,                        "ble",              Pop1+Pop1,          Push0,       InlineBrTarget,     IMacro,      1,  0xFF,    0x3E,    COND_BRANCH
CEE_BLT,                        "blt",              Pop1+Pop1,          Push0,       InlineBrTarget,     IMacro,      1,  0xFF,    0x3F,    COND_BRANCH
CEE_BNE_UN,                     "bne.un",           Pop1+Pop1,          Push0,       InlineBrTarget,     IMacro,      1,  0xFF,    0x40,    COND_BRANCH
CEE_BGE_UN,                     "bge.un",           Pop1+Pop1,          Push0,       InlineBrTarget,     IMacro,      1,  0xFF,    0x41,    COND_BRANCH
CEE_BGT_UN,                     "bgt.un",           Pop1+Pop1,          Push0,       InlineBrTarget,     IMacro,      1,  0xFF,    0x42,    COND_BRANCH
CEE_BLE_UN,                     "ble.un",           Pop1+Pop1,          Push0,       InlineBrTarget,     IMacro,      1,  0xFF,    0x43,    COND_BRANCH
CEE_BLT_UN,                     "blt.un",           Pop1+Pop1,          Push0,       InlineBrTarget,     IMacro,      1,  0xFF,    0x44,    COND_BRANCH
CEE_SWITCH,                     "switch",           PopI,               Push0,       InlineSwitch,       IPrimitive,  1,  0xFF,    0x45,    COND_BRANCH
CEE_LDIND_I1,                   "ldind.i1",         PopI,               PushI,       InlineNone,         IPrimitive,  1,  0xFF,    0x46,    NEXT
CEE_LDIND_U1,                   "ldind.u1",         PopI,               PushI,       InlineNone,         IPrimitive,  1,  0xFF,    0x47,    NEXT
CEE_LDIND_I2,                   "ldind.i2",         PopI,               PushI,       InlineNone,         IPrimitive,  1,  0xFF,    0x48,    NEXT
CEE_LDIND_U2,                   "ldind.u2",         PopI,               PushI,       InlineNone,         IPrimitive,  1,  0xFF,    0x49,    NEXT
CEE_LDIND_I4,                   "ldind.i4",         PopI,               PushI,       InlineNone,         IPrimitive,  1,  0xFF,    0x4A,    NEXT
CEE_LDIND_U4,                   "ldind.u4",         PopI,               PushI,       InlineNone,         IPrimitive,  1,  0xFF,    0x4B,    NEXT
CEE_LDIND_I8,                   "ldind.i8",         PopI,               PushI8,      InlineNone,         IPrimitive,  1,  0xFF,    0x4C,    NEXT
CEE_LDIND_I,                    "ldind.i",          PopI,               PushI,       InlineNone,         IPrimitive,  1,  0xFF,    0x4D,    NEXT
CEE_LDIND_R4,                   "ldind.r4",         PopI,               PushR4,      InlineNone,         IPrimitive,  1,  0xFF,    0x4E,    NEXT
CEE_LDIND_R8,                   "ldind.r8",         PopI,               PushR8,      InlineNone,         IPrimitive,  1,  0xFF,    0x4F,    NEXT
CEE_LDIND_REF,                  "ldind.ref",        PopI,               PushRef,     InlineNone,         IPrimitive,  1,  0xFF,    0x50,    NEXT
CEE_STIND_REF,                  "stind.ref",        PopI+PopI,          Push0,       InlineNone,         IPrimitive,  1,  0xFF,    0x51,    NEXT
CEE_STIND_I1,                   "stind.i1",         PopI+PopI,          Push0,       InlineNone,         IPrimitive,  1,  0xFF,    0x52,    NEXT
CEE_STIND_I2,                   "stind.i2",         PopI+PopI,          Push0,       InlineNone,         IPrimitive,  1,  0xFF,    0x53,    NEXT
CEE_STIND_I4,                   "stind.i4",         PopI+PopI,          Push0,       InlineNone,         IPrimitive,  1,  0xFF,    0x54,    NEXT
CEE_STIND_I8,                   "stind.i8",         PopI+PopI8,         Push0,       InlineNone,         IPrimitive,  1,  0xFF,    0x55,    NEXT
CEE_STIND_R4,                   "stind.r4",         PopI+PopR4,         Push0,       InlineNone,         IPrimitive,  1,  0xFF,    0x56,    NEXT
CEE_STIND_R8,                   "stind.r8",         PopI+PopR8,         Push0,       InlineNone,         IPrimitive,  1,  0xFF,    0x57,    NEXT
CEE_ADD,                        "add",              Pop1+Pop1,          Push1,       InlineNone,         IPrimitive,  1,  0xFF,    0x58,    NEXT
CEE_SUB,                        "sub",              Pop1+Pop1,          Push1,       InlineNone,         IPrimitive,  1,  0xFF,    0x59,    NEXT
CEE_MUL,                        "mul",              Pop1+Pop1,          Push1,       InlineNone,         IPrimitive,  1,  0xFF,    0x5A,    NEXT
CEE_DIV,                        "div",              Pop1+Pop1,          Push1,       InlineNone,         IPrimitive,  1,  0xFF,    0x5B,    NEXT
CEE_DIV_UN,                     "div.un",           Pop1+Pop1,          Push1,       InlineNone,         IPrimitive,  1,  0xFF,    0x5C,    NEXT
CEE_REM,                        "rem",              Pop1+Pop1,          Push1,       InlineNone,         IPrimitive,  1,  0xFF,    0x5D,    NEXT
CEE_REM_UN,                     "rem.un",           Pop1+Pop1,          Push1,       InlineNone,         IPrimitive,  1,  0xFF,    0x5E,    NEXT
CEE_AND,                        "and",              Pop1+Pop1,          Push1,       InlineNone,         IPrimitive,  1,  0xFF,    0x5F,    NEXT
CEE_OR,                         "or",               Pop1+Pop1,          Push1,       InlineNone,         IPrimitive,  1,  0xFF,    0x60,    NEXT
CEE_XOR,                        "xor",              Pop1+Pop1,          Push1,       InlineNone,         IPrimitive,  1,  0xFF,    0x61,    NEXT
CEE_SHL,                        "shl",              Pop1+Pop1,          Push1,       InlineNone,         IPrimitive,  1,  0xFF,    0x62,    NEXT
CEE_SHR,                        "shr",              Pop1+Pop1,          Push1,       InlineNone,         IPrimitive,  1,  0xFF,    0x63,    NEXT
CEE_SHR_UN,                     "shr.un",           Pop1+Pop1,          Push1,       InlineNone,         IPrimitive,  1,  0xFF,    0x64,    NEXT
CEE_NEG,                        "neg",              Pop1,               Push1,       InlineNone,         IPrimitive,  1,  0xFF,    0x65,    NEXT
CEE_NOT,                        "not",              Pop1,               Push1,       InlineNone,         IPrimitive,  1,  0xFF,    0x66,    NEXT
CEE_CONV_I1,                    "conv.i1",          Pop1,               PushI,       InlineNone,         IPrimitive,  1,  0xFF,    0x67,    NEXT
CEE_CONV_I2,                    "conv.i2",          Pop1,               PushI,       InlineNone,         IPrimitive,  1,  0xFF,    0x68,    NEXT
CEE_CONV_I4,                    "conv.i4",          Pop1,               PushI,       InlineNone,         IPrimitive,  1,  0xFF,    0x69,    NEXT
CEE_CONV_I8,                    "conv.i8",          Pop1,               PushI8,      InlineNone,         IPrimitive,  1,  0xFF,    0x6A,    NEXT
CEE_CONV_R4,                    "conv.r4",          Pop1,               PushR4,      InlineNone,         IPrimitive,  1,  0xFF,    0x6B,    NEXT
CEE_CONV_R8,                    "conv.r8",          Pop1,               PushR8,      InlineNone,         IPrimitive,  1,  0xFF,    0x6C,    NEXT
CEE_CONV_U4,                    "conv.u4",          Pop1,               PushI,       InlineNone,         IPrimitive,  1,  0xFF,    0x6D,    NEXT
CEE_CONV_U8,                    "conv.u8",          Pop1,               PushI8,      InlineNone,         IPrimitive,  1,  0xFF,    0x6E,    NEXT
CEE_CALLVIRT,                   "callvirt",         VarPop,             VarPush,     InlineMethod,       IObjModel,   1,  0xFF,    0x6F,    CALL
CEE_CPOBJ,                      "cpobj",            PopI+PopI,          Push0,       InlineType,         IObjModel,   1,  0xFF,    0x70,    NEXT
CEE_LDOBJ,                      "ldobj",            PopI,               Push1,       InlineType,         IObjModel,   1,  0xFF,    0x71,    NEXT
CEE_LDSTR,                      "ldstr",            Pop0,               PushRef,     InlineString,       IObjModel,   1,  0xFF,    0x72,    NEXT
CEE_NEWOBJ,                     "newobj",           VarPop,             PushRef,     InlineMethod,       IObjModel,   1,  0xFF,    0x73,    CALL
CEE_CASTCLASS,                  "castclass",        PopRef,             PushRef,     InlineType,         IObjModel,   1,  0xFF,    0x74,    NEXT
CEE_ISINST,                     "isinst",           PopRef,             PushI,       InlineType,         IObjModel,   1,  0xFF,    0x75,    NEXT
CEE_CONV_R_UN,                  "conv.r.un",        Pop1,               PushR8,      InlineNone,         IPrimitive,  1,  0xFF,    0x76,    NEXT
CEE_UNUSED58,                   "unused",           Pop0,               Push0,       InlineNone,         IPrimitive,  1,  0xFF,    0x77,    NEXT
CEE_UNUSED1,                    "unused",           Pop0,               Push0,       InlineNone,         IPrimitive,  1,  0xFF,    0x78,    NEXT
CEE_UNBOX,                      "unbox",            PopRef,             PushI,       InlineType,         IPrimitive,  1,  0xFF,    0x79,    NEXT
CEE_THROW,                      "throw",            PopRef,             Push0,       InlineNone,         IObjModel,   1,  0xFF,    0x7A,    THROW
CEE_LDFLD,                      "ldfld",            PopRef,             Push1,       InlineField,        IObjModel,   1,  0xFF,    0x7B,    NEXT
CEE_LDFLDA,                     "ldflda",           PopRef,             PushI,       InlineField,        IObjModel,   1,  0xFF,    0x7C,    NEXT
CEE_STFLD,                      "stfld",            PopRef+Pop1,        Push0,       InlineField,        IObjModel,   1,  0xFF,    0x7D,    NEXT
CEE_LDSFLD,                     "ldsfld",           Pop0,               Push1,       InlineField,        IObjModel,   1,  0xFF,    0x7E,    NEXT
CEE_LDSFLDA,                    "ldsflda",          Pop0,               PushI,       InlineField,        IObjModel,   1,  0xFF,    0x7F,    NEXT
CEE_STSFLD,                     "stsfld",           Pop1,               Push0,       InlineField,        IObjModel,   1,  0xFF,    0x80,    NEXT
CEE_STOBJ,                      "stobj",            PopI+Pop1,          Push0,       InlineType,         IPrimitive,  1,  0xFF,    0x81,    NEXT
CEE_CONV_OVF_I1_UN,             "conv.ovf.i1.un",   Pop1,               PushI,       InlineNone,         IPrimitive,  1,  0xFF,    0x82,    NEXT
CEE_CONV_OVF_I2_UN,             "conv.ovf.i2.un",   Pop1,               PushI,       InlineNone,         IPrimitive,  1,  0xFF,    0x83,    NEXT
CEE_CONV_OVF_I4_UN,             "conv.ovf.i4.un",   Pop1,               PushI,       InlineNone,         IPrimitive,  1,  0xFF,    0x84,    NEXT
CEE_CONV_OVF_I8_UN,             "conv.ovf.i8.un",   Pop1,               PushI8,      InlineNone,         IPrimitive,  1,  0xFF,    0x85,    NEXT
CEE_CONV_OVF_U1_UN,             "conv.ovf.u1.un",   Pop1,               PushI,       InlineNone,         IPrimitive,  1,  0xFF,    0x86,    NEXT
CEE_CONV_OVF_U2_UN,             "conv.ovf.u2.un",   Pop1,               PushI,       InlineNone,         IPrimitive,  1,  0xFF,    0x87,    NEXT
CEE_CONV_OVF_U4_UN,             "conv.ovf.u4.un",   Pop1,               PushI,       InlineNone,         IPrimitive,  1,  0xFF,    0x88,    NEXT
CEE_CONV_OVF_U8_UN,             "conv.ovf.u8.un",   Pop1,               PushI8,      InlineNone,         IPrimitive,  1,  0xFF,    0x89,    NEXT
CEE_CONV_OVF_I_UN,              "conv.ovf.i.un",    Pop1,               PushI,       InlineNone,         IPrimitive,  1,  0xFF,    0x8A,    NEXT
CEE_CONV_OVF_U_UN,              "conv.ovf.u.un",    Pop1,               PushI,       InlineNone,         IPrimitive,  1,  0xFF,    0x8B,    NEXT
CEE_BOX,                        "box",              Pop1,               PushRef,     InlineType,         IPrimitive,  1,  0xFF,    0x8C,    NEXT
CEE_NEWARR,                     "newarr",           PopI,               PushRef,     InlineType,         IObjModel,   1,  0xFF,    0x8D,    NEXT
CEE_LDLEN,                      "ldlen",            PopRef,             PushI,       InlineNone,         IObjModel,   1,  0xFF,    0x8E,    NEXT
CEE_LDELEMA,                    "ldelema",          PopRef+PopI,        PushI,       InlineType,         IObjModel,   1,  0xFF,    0x8F,    NEXT
CEE_LDELEM_I1,                  "ldelem.i1",        PopRef+PopI,        PushI,       InlineNone,         IObjModel,   1,  0xFF,    0x90,    NEXT
CEE_LDELEM_U1,                  "ldelem.u1",        PopRef+PopI,        PushI,       InlineNone,         IObjModel,   1,  0xFF,    0x91,    NEXT
CEE_LDELEM_I2,                  "ldelem.i2",        PopRef+PopI,        PushI,       InlineNone,         IObjModel,   1,  0xFF,    0x92,    NEXT
CEE_LDELEM_U2,                  "ldelem.u2",        PopRef+PopI,        PushI,       InlineNone,         IObjModel,   1,  0xFF,    0x93,    NEXT
CEE_LDELEM_I4,                  "ldelem.i4",        PopRef+PopI,        PushI,       InlineNone,         IObjModel,   1,  0xFF,    0x94,    NEXT
CEE_LDELEM_U4,                  "ldelem.u4",        PopRef+PopI,        PushI,       InlineNone,         IObjModel,   1,  0xFF,    0x95,    NEXT
CEE_LDELEM_I8,                  "ldelem.i8",        PopRef+PopI,        PushI8,      InlineNone,         IObjModel,   1,  0xFF,    0x96,    NEXT
CEE_LDELEM_I,                   "ldelem.i",         PopRef+PopI,        PushI,       InlineNone,         IObjModel,   1,  0xFF,    0x97,    NEXT
CEE_LDELEM_R4,                  "ldelem.r4",        PopRef+PopI,        PushR4,      InlineNone,         IObjModel,   1,  0xFF,    0x98,    NEXT
CEE_LDELEM_R8,                  "ldelem.r8",        PopRef+PopI,        PushR8,      InlineNone,         IObjModel,   1,  0xFF,    0x99,    NEXT
CEE_LDELEM_REF,                 "ldelem.ref",       PopRef+PopI,        PushRef,     InlineNone,         IObjModel,   1,  0xFF,    0x9A,    NEXT
CEE_STELEM_I,                   "stelem.i",         PopRef+PopI+PopI,   Push0,       InlineNone,         IObjModel,   1,  0xFF,    0x9B,    NEXT
CEE_STELEM_I1,                  "stelem.i1",        PopRef+PopI+PopI,   Push0,       InlineNone,         IObjModel,   1,  0xFF,    0x9C,    NEXT
CEE_STELEM_I2,                  "stelem.i2",        PopRef+PopI+PopI,   Push0,       InlineNone,         IObjModel,   1,  0xFF,    0x9D,    NEXT
CEE_STELEM_I4,                  "stelem.i4",        PopRef+PopI+PopI,   Push0,       InlineNone,         IObjModel,   1,  0xFF,    0x9E,    NEXT
CEE_STELEM_I8,                  "stelem.i8",        PopRef+PopI+PopI8,  Push0,       InlineNone,         IObjModel,   1,  0xFF,    0x9F,    NEXT
CEE_STELEM_R4,                  "stelem.r4",        PopRef+PopI+PopR4,  Push0,       InlineNone,         IObjModel,   1,  0xFF,    0xA0,    NEXT
CEE_STELEM_R8,                  "stelem.r8",        PopRef+PopI+PopR8,  Push0,       InlineNone,         IObjModel,   1,  0xFF,    0xA1,    NEXT
CEE_STELEM_REF,                 "stelem.ref",       PopRef+PopI+PopRef, Push0,       InlineNone,         IObjModel,   1,  0xFF,    0xA2,    NEXT
CEE_LDELEM,                     "ldelem",           PopRef+PopI,        Push1,       InlineType,         IObjModel,   1,  0xFF,    0xA3,    NEXT
CEE_STELEM,                     "stelem",           PopRef+PopI+Pop1,   Push0,       InlineType,         IObjModel,   1,  0xFF,    0xA4,    NEXT
CEE_UNBOX_ANY,                  "unbox.any",        PopRef,             Push1,       InlineType,         IObjModel,   1,  0xFF,    0xA5,    NEXT
CEE_UNUSED5,                    "unused",           Pop0,               Push0,       InlineNone,         IPrimitive,  1,  0xFF,    0xA6,    NEXT
CEE_UNUSED6,                    "unused",           Pop0,               Push0,       InlineNone,         IPrimitive,  1,  0xFF,    0xA7,    NEXT
CEE_UNUSED7,                    "unused",           Pop0,               Push0,       InlineNone,         IPrimitive,  1,  0xFF,    0xA8,    NEXT
CEE_UNUSED8,                    "unused",           Pop0,               Push0,       InlineNone,         IPrimitive,  1,  0xFF,    0xA9,    NEXT
CEE_UNUSED9,                    "unused",           Pop0,               Push0,       InlineNone,         IPrimitive,  1,  0xFF,    0xAA,    NEXT
CEE_UNUSED10,                   "unused",           Pop0,               Push0,       InlineNone,         IPrimitive,  1,  0xFF,    0xAB,    NEXT
CEE_UNUSED11,                   "unused",           Pop0,               Push0,       InlineNone,         IPrimitive,  1,  0xFF,    0xAC,    NEXT
CEE_UNUSED12,                   "unused",           Pop0,               Push0,       InlineNone,         IPrimitive,  1,  0xFF,    0xAD,    NEXT
CEE_UNUSED13,                   "unused",           Pop0,               Push0,       InlineNone,         IPrimitive,  1,  0xFF,    0xAE,    NEXT
CEE_UNUSED14,                   "unused",           Pop0,               Push0,       InlineNone,         IPrimitive,  1,  0xFF,    0xAF,    NEXT
CEE_UNUSED15,                   "unused",           Pop0,               Push0,       InlineNone,         IPrimitive,  1,  0xFF,    0xB0,    NEXT
CEE_UNUSED16,                   "unused",           Pop0,               Push0,       InlineNone,         IPrimitive,  1,  0xFF,    0xB1,    NEXT
CEE_UNUSED17,                   "unused",           Pop0,               Push0,       InlineNone,         IPrimitive,  1,  0xFF,    0xB2,    NEXT
CEE_CONV_OVF_I1,                "conv.ovf.i1",      Pop1,               PushI,       InlineNone,         IPrimitive,  1,  0xFF,    0xB3,    NEXT
CEE_CONV_OVF_U1,                "conv.ovf.u1",      Pop1,               PushI,       InlineNone,         IPrimitive,  1,  0xFF,    0xB4,    NEXT
CEE_CONV_OVF_I2,                "conv.ovf.i2",      Pop1,               PushI,       InlineNone,         IPrimitive,  1,  0xFF,    0xB5,    NEXT
CEE_CONV_OVF_U2,                "conv.ovf.u2",      Pop1,               PushI,       InlineNone,         IPrimitive,  1,  0xFF,    0xB6,    NEXT
CEE_CONV_OVF_I4,                "conv.ovf.i4",      Pop1,               PushI,       InlineNone,         IPrimitive,  1,  0xFF,    0xB7,    NEXT
CEE_CONV_OVF_U4,                "conv.ovf.u4",      Pop1,               PushI,       InlineNone,         IPrimitive,  1,  0xFF,    0xB8,    NEXT
CEE_CONV_OVF_I8,                "conv.ovf.i8",      Pop1,               PushI8,      InlineNone,         IPrimitive,  1,  0xFF,    0xB9,    NEXT
CEE_CONV_OVF_U8,                "conv.ovf.u8",      Pop1,               PushI8,      InlineNone,         IPrimitive,  1,  0xFF,    0xBA,    NEXT
CEE_UNUSED50,                   "unused",           Pop0,               Push0,       InlineNone,         IPrimitive,  1,  0xFF,    0xBB,    NEXT
CEE_UNUSED18,                   "unused",           Pop0,               Push0,       InlineNone,         IPrimitive,  1,  0xFF,    0xBC,    NEXT
CEE_UNUSED19,                   "unused",           Pop0,               Push0,       InlineNone,         IPrimitive,  1,  0xFF,    0xBD,    NEXT
CEE_UNUSED20,                   "unused",           Pop0,               Push0,       InlineNone,         IPrimitive,  1,  0xFF,    0xBE,    NEXT
CEE_UNUSED21,                   "unused",           Pop0,               Push0,       InlineNone,         IPrimitive,  1,  0xFF,    0xBF,    NEXT
CEE_UNUSED22,                   "unused",           Pop0,               Push0,       InlineNone,         IPrimitive,  1,  0xFF,    0xC0,    NEXT
CEE_UNUSED23,                   "unused",           Pop0,               Push0,       InlineNone,         IPrimitive,  1,  0xFF,    0xC1,    NEXT
CEE_REFANYVAL,                  "refanyval",        Pop1,               PushI,       InlineType,         IPrimitive,  1,  0xFF,    0xC2,    NEXT
CEE_CKFINITE,                   "ckfinite",         Pop1,               PushR8,      InlineNone,         IPrimitive,  1,  0xFF,    0xC3,    NEXT
CEE_UNUSED24,                   "unused",           Pop0,               Push0,       InlineNone,         IPrimitive,  1,  0xFF,    0xC4,    NEXT
CEE_UNUSED25,                   "unused",           Pop0,               Push0,       InlineNone,         IPrimitive,  1,  0xFF,    0xC5,    NEXT
CEE_MKREFANY,                   "mkrefany",         PopI,               Push1,       InlineType,         IPrimitive,  1,  0xFF,    0xC6,    NEXT
CEE_UNUSED59,                   "unused",           Pop0,               Push0,       InlineNone,         IPrimitive,  1,  0xFF,    0xC7,    NEXT
CEE_UNUSED60,                   "unused",           Pop0,               Push0,       InlineNone,         IPrimitive,  1,  0xFF,    0xC8,    NEXT
CEE_UNUSED61,                   "unused",           Pop0,               Push0,       InlineNone,         IPrimitive,  1,  0xFF,    0xC9,    NEXT
CEE_UNUSED62,                   "unused",           Pop0,               Push0,       InlineNone,         IPrimitive,  1,  0xFF,    0xCA,    NEXT
CEE_UNUSED63,                   "unused",           Pop0,               Push0,       InlineNone,         IPrimitive,  1,  0xFF,    0xCB,    NEXT
CEE_UNUSED64,                   "unused",           Pop0,               Push0,       InlineNone,         IPrimitive,  1,  0xFF,    0xCC,    NEXT
CEE_UNUSED65,                   "unused",           Pop0,               Push0,       InlineNone,         IPrimitive,  1,  0xFF,    0xCD,    NEXT
CEE_UNUSED66,                   "unused",           Pop0,               Push0,       InlineNone,         IPrimitive,  1,  0xFF,    0xCE,    NEXT
CEE_UNUSED67,                   "unused",           Pop0,               Push0,       InlineNone,         IPrimitive,  1,  0xFF,    0xCF,    NEXT
CEE_LDTOKEN,                    "ldtoken",          Pop0,               PushI,       InlineTok,          IPrimitive,  1,  0xFF,    0xD0,    NEXT
CEE_CONV_U2,                    "conv.u2",          Pop1,               PushI,       InlineNone,         IPrimitive,  1,  0xFF,    0xD1,    NEXT
CEE_CONV_U1,                    "conv.u1",          Pop1,               PushI,       InlineNone,         IPrimitive,  1,  0xFF,    0xD2,    NEXT
CEE_CONV_I,                     "conv.i",           Pop1,               PushI,       InlineNone,         IPrimitive,  1,  0xFF,    0xD3,    NEXT
CEE_CONV_OVF_I,                 "conv.ovf.i",       Pop1,               PushI,       InlineNone,         IPrimitive,  1,  0xFF,    0xD4,    NEXT
CEE_CONV_OVF_U,                 "conv.ovf.u",       Pop1,               PushI,       InlineNone,         IPrimitive,  1,  0xFF,    0xD5,    NEXT
CEE_ADD_OVF,                    "add.ovf",          Pop1+Pop1,          Push1,       InlineNone,         IPrimitive,  1,  0xFF,    0xD6,    NEXT
CEE_ADD_OVF_UN,                 "add.ovf.un",       Pop1+Pop1,          Push1,       InlineNone,         IPrimitive,  1,  0xFF,    0xD7,    NEXT
CEE_MUL_OVF,                    "mul.ovf",          Pop1+Pop1,          Push1,       InlineNone,         IPrimitive,  1,  0xFF,    0xD8,    NEXT
CEE_MUL_OVF_UN,                 "mul.ovf.un",       Pop1+Pop1,          Push1,       InlineNone,         IPrimitive,  1,  0xFF,    0xD9,    NEXT
CEE_SUB_OVF,                    "sub.ovf",          Pop1+Pop1,          Push1,       InlineNone,         IPrimitive,  1,  0xFF,    0xDA,    NEXT
CEE_SUB_OVF_UN,                 "sub.ovf.un",       Pop1+Pop1,          Push1,       InlineNone,         IPrimitive,  1,  0xFF,    0xDB,    NEXT
CEE_ENDFINALLY,                 "endfinally",       Pop0,               Push0,       InlineNone,         IPrimitive,  1,  0xFF,    0xDC,    RETURN
CEE_LEAVE,                      "leave",            Pop0,               Push0,       InlineBrTarget,     IPrimitive,  1,  0xFF,    0xDD,    BRANCH
CEE_LEAVE_S,                    "leave.s",          Pop0,               Push0,       ShortInlineBrTarget,IPrimitive,  1,  0xFF,    0xDE,    BRANCH
CEE_STIND_I,                    "stind.i",          PopI+PopI,          Push0,       InlineNone,         IPrimitive,  1,  0xFF,    0xDF,    NEXT
CEE_CONV_U,                     "conv.u",           Pop1,               PushI,       InlineNone,         IPrimitive,  1,  0xFF,    0xE0,    NEXT
CEE_UNUSED26,                   "unused",           Pop0,               Push0,       InlineNone,         IPrimitive,  1,  0xFF,    0xE1,    NEXT
CEE_UNUSED27,                   "unused",           Pop0,               Push0,       InlineNone,         IPrimitive,  1,  0xFF,    0xE2,    NEXT
CEE_UNUSED28,                   "unused",           Pop0,               Push0,       InlineNone,         IPrimitive,  1,  0xFF,    0xE3,    NEXT
CEE_UNUSED29,                   "unused",           Pop0,               Push0,       InlineNone,         IPrimitive,  1,  0xFF,    0xE4,    NEXT
CEE_UNUSED30,                   "unused",           Pop0,               Push0,       InlineNone,         IPrimitive,  1,  0xFF,    0xE5,    NEXT
CEE_UNUSED31,                   "unused",           Pop0,               Push0,       InlineNone,         IPrimitive,  1,  0xFF,    0xE6,    NEXT
CEE_UNUSED32,                   "unused",           Pop0,               Push0,       InlineNone,         IPrimitive,  1,  0xFF,    0xE7,    NEXT
CEE_UNUSED33,                   "unused",           Pop0,               Push0,       InlineNone,         IPrimitive,  1,  0xFF,    0xE8,    NEXT
CEE_UNUSED34,                   "unused",           Pop0,               Push0,       InlineNone,         IPrimitive,  1,  0xFF,    0xE9,    NEXT
CEE_UNUSED35,                   "unused",           Pop0,               Push0,       InlineNone,         IPrimitive,  1,  0xFF,    0xEA,    NEXT
CEE_UNUSED36,                   "unused",           Pop0,               Push0,       InlineNone,         IPrimitive,  1,  0xFF,    0xEB,    NEXT
CEE_UNUSED37,                   "unused",           Pop0,               Push0,       InlineNone,         IPrimitive,  1,  0xFF,    0xEC,    NEXT
CEE_UNUSED38,                   "unused",           Pop0,               Push0,       InlineNone,         IPrimitive,  1,  0xFF,    0xED,    NEXT
CEE_UNUSED39,                   "unused",           Pop0,               Push0,       InlineNone,         IPrimitive,  1,  0xFF,    0xEE,    NEXT
CEE_UNUSED40,                   "unused",           Pop0,               Push0,       InlineNone,         IPrimitive,  1,  0xFF,    0xEF,    NEXT
CEE_UNUSED41,                   "unused",           Pop0,               Push0,       InlineNone,         IPrimitive,  1,  0xFF,    0xF0,    NEXT
CEE_UNUSED42,                   "unused",           Pop0,               Push0,       InlineNone,         IPrimitive,  1,  0xFF,    0xF1,    NEXT
CEE_UNUSED43,                   "unused",           Pop0,               Push0,       InlineNone,         IPrimitive,  1,  0xFF,    0xF2,    NEXT
CEE_UNUSED44,                   "unused",           Pop0,               Push0,       InlineNone,         IPrimitive,  1,  0xFF,    0xF3,    NEXT
CEE_UNUSED45,                   "unused",           Pop0,               Push0,       InlineNone,         IPrimitive,  1,  0xFF,    0xF4,    NEXT
CEE_UNUSED46,                   "unused",           Pop0,               Push0,       InlineNone,         IPrimitive,  1,  0xFF,    0xF5,    NEXT
CEE_UNUSED47,                   "unused",           Pop0,               Push0,       InlineNone,         IPrimitive,  1,  0xFF,    0xF6,    NEXT
CEE_UNUSED48,                   "unused",           Pop0,               Push0,       InlineNone,         IPrimitive,  1,  0xFF,    0xF7,    NEXT
CEE_PREFIX7,                    "prefix7",          Pop0,               Push0,       InlineNone,         IInternal,   1,  0xFF,    0xF8,    META
CEE_PREFIX6,                    "prefix6",          Pop0,               Push0,       InlineNone,         IInternal,   1,  0xFF,    0xF9,    META
CEE_PREFIX5,                    "prefix5",          Pop0,               Push0,       InlineNone,         IInternal,   1,  0xFF,    0xFA,    META
CEE_PREFIX4,                    "prefix4",          Pop0,               Push0,       InlineNone,         IInternal,   1,  0xFF,    0xFB,    META
CEE_PREFIX3,                    "prefix3",          Pop0,               Push0,       InlineNone,         IInternal,   1,  0xFF,    0xFC,    META
CEE_PREFIX2,                    "prefix2",          Pop0,               Push0,       InlineNone,         IInternal,   1,  0xFF,    0xFD,    META
CEE_PREFIX1,                    "prefix1",          Pop0,               Push0,       InlineNone,         IInternal,   1,  0xFF,    0xFE,    META
CEE_PREFIXREF,                  "prefixref",        Pop0,               Push0,       InlineNone,         IInternal,   1,  0xFF,    0xFF,    META
CEE_ARGLIST,                    "arglist",          Pop0,               PushI,       InlineNone,         IPrimitive,  2,  0xFE,    0x00,    NEXT
CEE_CEQ,                        "ceq",              Pop1+Pop1,          PushI,       InlineNone,         IPrimitive,  2,  0xFE,    0x01,    NEXT
CEE_CGT,                        "cgt",              Pop1+Pop1,          PushI,       InlineNone,         IPrimitive,  2,  0xFE,    0x02,    NEXT
CEE_CGT_UN,                     "cgt.un",           Pop1+Pop1,          PushI,       InlineNone,         IPrimitive,  2,  0xFE,    0x03,    NEXT
CEE_CLT,                        "clt",              Pop1+Pop1,          PushI,       InlineNone,         IPrimitive,  2,  0xFE,    0x04,    NEXT
CEE_CLT_UN,                     "clt.un",           Pop1+Pop1,          PushI,       InlineNone,         IPrimitive,  2,  0xFE,    0x05,    NEXT
CEE_LDFTN,                      "ldftn",            Pop0,               PushI,       InlineMethod,       IPrimitive,  2,  0xFE,    0x06,    NEXT
CEE_LDVIRTFTN,                  "ldvirtftn",        PopRef,             PushI,       InlineMethod,       IPrimitive,  2,  0xFE,    0x07,    NEXT
CEE_UNUSED56,                   "unused",           Pop0,               Push0,       InlineNone,         IPrimitive,  2,  0xFE,    0x08,    NEXT
CEE_LDARG,                      "ldarg",            Pop0,               Push1,       InlineVar,          IPrimitive,  2,  0xFE,    0x09,    NEXT
CEE_LDARGA,                     "ldarga",           Pop0,               PushI,       InlineVar,          IPrimitive,  2,  0xFE,    0x0A,    NEXT
CEE_STARG,                      "starg",            Pop1,               Push0,       InlineVar,          IPrimitive,  2,  0xFE,    0x0B,    NEXT
CEE_LDLOC,                      "ldloc",            Pop0,               Push1,       InlineVar,          IPrimitive,  2,  0xFE,    0x0C,    NEXT
CEE_LDLOCA,                     "ldloca",           Pop0,               PushI,       InlineVar,          IPrimitive,  2,  0xFE,    0x0D,    NEXT
CEE_STLOC,                      "stloc",            Pop1,               Push0,       InlineVar,          IPrimitive,  2,  0xFE,    0x0E,    NEXT
CEE_LOCALLOC,                   "localloc",         PopI,               PushI,       InlineNone,         IPrimitive,  2,  0xFE,    0x0F,    NEXT
CEE_UNUSED57,                   "unused",           Pop0,               Push0,       InlineNone,         IPrimitive,  2,  0xFE,    0x10,    NEXT
CEE_ENDFILTER,                  "endfilter",        PopI,               Push0,       InlineNone,         IPrimitive,  2,  0xFE,    0x11,    RETURN
CEE_UNALIGNED,                  "unaligned.",       Pop0,               Push0,       ShortInlineI,       IPrefix,     2,  0xFE,    0x12,    META
CEE_VOLATILE,                   "volatile.",        Pop0,               Push0,       InlineNone,         IPrefix,     2,  0xFE,    0x13,    META
CEE_TAILCALL,                   "tail.",            Pop0,               Push0,       InlineNone,         IPrefix,     2,  0xFE,    0x14,    META
CEE_INITOBJ,                    "initobj",          PopI,               Push0,       InlineType,         IObjModel,   2,  0xFE,    0x15,    NEXT
CEE_CONSTRAINED,                "constrained.",     Pop0,               Push0,       InlineType,         IPrefix,     2,  0xFE,    0x16,    META
CEE_CPBLK,                      "cpblk",            PopI+PopI+PopI,     Push0,       InlineNone,         IPrimitive,  2,  0xFE,    0x17,    NEXT
CEE_INITBLK,                    "initblk",          PopI+PopI+PopI,     Push0,       InlineNone,         IPrimitive,  2,  0xFE,    0x18,    NEXT
CEE_UNUSED69,                   "unused",           Pop0,               Push0,       InlineNone,         IPrimitive,  2,  0xFE,    0x19,    NEXT
CEE_RETHROW,                    "rethrow",          Pop0,               Push0,       InlineNone,         IObjModel,   2,  0xFE,    0x1A,    THROW
CEE_UNUSED51,                   "unused",           Pop0,               Push0,       InlineNone,         IPrimitive,  2,  0xFE,    0x1B,    NEXT
CEE_SIZEOF,                     "sizeof",           Pop0,               PushI,       InlineType,         IPrimitive,  2,  0xFE,    0x1C,    NEXT
CEE_REFANYTYPE,                 "refanytype",       Pop1,               PushI,       InlineNone,         IPrimitive,  2,  0xFE,    0x1D,    NEXT
CEE_READONLY,                   "readonly.",        Pop0,               Push0,       InlineNone,         IPrefix,     2,  0xFE,    0x1E,    META
CEE_UNUSED53,                   "unused",           Pop0,               Push0,       InlineNone,         IPrimitive,  2,  0xFE,    0x1F,    NEXT
CEE_UNUSED54,                   "unused",           Pop0,               Push0,       InlineNone,         IPrimitive,  2,  0xFE,    0x20,    NEXT
CEE_UNUSED55,                   "unused",           Pop0,               Push0,       InlineNone,         IPrimitive,  2,  0xFE,    0x21,    NEXT
CEE_UNUSED70,                   "unused",           Pop0,               Push0,       InlineNone,         IPrimitive,  2,  0xFE,    0x22,    NEXT
CEE_ILLEGAL,                    "illegal",          Pop0,               Push0,       InlineNone,         IInternal,   0,  MOOT,    MOOT,    META
CEE_MACRO_END,                  "endmac",           Pop0,               Push0,       InlineNone,         IInternal,   0,  MOOT,    MOOT,    META
CEE_CODE_LABEL,                 "codelabel",        Pop0,               Push0,       InlineNone,         IInternal,   0,  MOOT,    MOOT,    META